{
  "placeholderImages": [
    {
      "id": "hero",
      "description": "Athlete lifting weights in a modern gym",
      "imageUrl": "https://images.unsplash.com/photo-1601422407692-ec4eeec1d9b3?crop=entropy&cs=tinysrgb&fit=max&fm=jpg&ixid=M3w3NDE5ODJ8MHwxfHNlYXJjaHwyfHxneW0lMjB3b3Jrb3V0fGVufDB8fHx8MTc2MDc0MzI0N3ww&ixlib=rb-4.1.0&q=80&w=1080",
      "imageHint": "gym workout"
    },
    {
      "id": "avatar-male",
      "description": "Profile picture of a male athlete",
      "imageUrl": "https://images.unsplash.com/photo-1506794778202-cad84cf45f1d?crop=entropy&cs=tinysrgb&fit=max&fm=jpg&ixid=M3w3NDE5ODJ8MHwxfHNlYXJjaHw2fHxtYWxlJTIwcG9ydHJhaXR8ZW58MHx8fHwxNzYwODQ5MjY3fDA&ixlib=rb-4.1.0&q=80&w=1080",
      "imageHint": "male portrait"
    }
  ]
}